,Latitude,Longitude,Country,Objective,Wind,Solar,SolarTracking,Grid,RampDummy,Electrolysis,HydrogenCompression,HydrogenFromStorage,HB,BatteryInterfaceIn,BatteryInterfaceOut,HydrogenFuelCell,PenaltyLink,Ammonia,CompressedH2Store,Battery,AccumulatedPenalty,Hydrogen Storage (t)
-65_-2,-65,-2,None,0.34989173913668226,0.0,5552.163767099011,0.0,0.0,0.0,2084.341900614596,653.8059730791513,969.2254028740714,168.35611952783637,0.7537612847127718,0.746223671865644,92.16052021688901,1000000.0,22448.921130947503,6536.919365543042,3.73111835932822,10000000.0,165.91165902393507
-65_-1,-65,-1,None,0.34989173913668226,0.0,5552.163767099011,0.0,0.0,0.0,2084.341900614596,653.8059730791513,969.2254028740714,168.35611952783637,0.7537612847127718,0.746223671865644,92.16052021688901,1000000.0,22448.921130947503,6536.919365543042,3.73111835932822,10000000.0,165.91165902393507
-64_-2,-64,-2,None,0.3625980671422202,0.0,5779.320527002682,0.0,0.0,0.0,2150.8343983364816,666.4914569418363,1026.416128640574,174.87906155119418,0.7699634412461599,0.7622638068336982,95.75486933783073,1000000.0,30249.263473219216,6677.430947863197,4.57358284100219,10000000.0,169.47794283916744
-64_-1,-64,-1,None,0.3625980671422202,0.0,5779.320527002682,0.0,0.0,0.0,2150.8343983364816,666.4914569418363,1026.416128640574,174.87906155119418,0.7699634412461599,0.7622638068336982,95.75486933783073,1000000.0,30249.263473219216,6677.430947863197,4.57358284100219,10000000.0,169.47794283916744
-63_-2,-63,-2,None,0.33767692076215977,1078.3494598757343,2909.831611723216,0.0,0.0,0.0,1559.114466902476,309.5199103166121,405.1468475886178,151.24772790191756,0.3702478623303527,0.36654538370704914,83.35218170449807,1000000.0,18637.70690258275,3210.9375612737504,0.7330907674140983,10000000.0,81.4958771896891
-63_-1,-63,-1,None,0.33767692076215977,1078.3494598757343,2909.831611723216,0.0,0.0,0.0,1559.114466902476,309.5199103166121,405.1468475886178,151.24772790191756,0.3702478623303527,0.36654538370704914,83.35218170449807,1000000.0,18637.70690258275,3210.9375612737504,0.7330907674140983,10000000.0,81.4958771896891
-62_-2,-62,-2,None,0.31343116619286926,1252.1117264895609,1769.8084998360898,0.0,0.0,0.0,1380.4114929492787,202.81370488817595,385.6146478552636,143.95562903012114,0.3517776848250675,0.3482599079768168,79.33465153077793,1000000.0,19261.387067560023,3050.756793876915,1.0447797239304502,10000000.0,77.43037547910951
-62_-1,-62,-1,None,0.31343116619286926,1252.1117264895609,1769.8084998360898,0.0,0.0,0.0,1380.4114929492787,202.81370488817595,385.6146478552636,143.95562903012114,0.3517776848250675,0.3482599079768168,79.33465153077793,1000000.0,19261.387067560023,3050.756793876915,1.0447797239304502,10000000.0,77.43037547910951
-61_-2,-61,-2,None,0.3293110316140513,1049.6961406161793,2511.0015805099047,0.0,0.0,0.0,1606.275992672055,366.5541953929764,476.28161230648624,149.10091820218176,0.4620382343600588,0.4574178520164582,81.9929481834596,1000000.0,30965.408706487113,4006.9803836641736,0.4574178520164582,10000000.0,101.70000973766939
-61_-1,-61,-1,None,0.3293110316140513,1049.6961406161793,2511.0015805099047,0.0,0.0,0.0,1606.275992672055,366.5541953929764,476.28161230648624,149.10091820218176,0.4620382343600588,0.4574178520164582,81.9929481834596,1000000.0,30965.408706487113,4006.9803836641736,0.4574178520164582,10000000.0,101.70000973766939
-60_-2,-60,-2,None,0.30757565514321006,1422.564928140903,882.7071509182291,0.0,0.0,0.0,1309.4395789205735,106.64422482532177,614.7054252901746,148.6443274373543,0.36384784591903957,0.36020936745984916,81.91750431495227,1000000.0,43166.175091785146,3155.4340589482786,1.4408374698393966,10000000.0,80.08715885655529
-60_-1,-60,-1,None,0.30757565514321006,1422.564928140903,882.7071509182291,0.0,0.0,0.0,1309.4395789205735,106.64422482532177,614.7054252901746,148.6443274373543,0.36384784591903957,0.36020936745984916,81.91750431495227,1000000.0,43166.175091785146,3155.4340589482786,1.4408374698393966,10000000.0,80.08715885655529
-59_-2,-59,-2,None,0.2891855963841682,1269.25102377957,1041.5755229481213,0.0,0.0,0.0,1238.6111845471733,409.3354736583589,360.79140236775095,134.7454511143175,0.41296326276135537,0.4088336301337418,74.10698057692909,1000000.0,26899.231791595008,3581.382599971578,2.0441681506687095,10000000.0,90.89803553227357
-59_-1,-59,-1,None,0.2891855963841682,1269.25102377957,1041.5755229481213,0.0,0.0,0.0,1238.6111845471733,409.3354736583589,360.79140236775095,134.7454511143175,0.41296326276135537,0.4088336301337418,74.10698057692909,1000000.0,26899.231791595008,3581.382599971578,2.0441681506687095,10000000.0,90.89803553227357
-58_-2,-58,-2,None,0.2770874836791552,1188.296639574917,1271.0788460880926,0.0,0.0,0.0,1186.349716390088,389.03066886821443,344.6821112887706,127.22046392101979,0.31677989714256655,0.31361209817114083,70.10111711212394,1000000.0,21286.91034791304,2747.2419799791937,1.2544483926845633,10000000.0,69.72695380657852
-58_-1,-58,-1,None,0.2770874836791552,1188.296639574917,1271.0788460880926,0.0,0.0,0.0,1186.349716390088,389.03066886821443,344.6821112887706,127.22046392101979,0.31677989714256655,0.31361209817114083,70.10111711212394,1000000.0,21286.91034791304,2747.2419799791937,1.2544483926845633,10000000.0,69.72695380657852
-57_-2,-57,-2,None,0.2733015146962919,1406.181117588513,38.82016068472649,0.0,0.0,0.0,1173.5837759108754,92.3108022084856,687.0593866293837,133.6832514185922,0.4181469381962612,0.4139654688142986,73.50747805048589,1000000.0,27623.575647403024,3626.3375068132555,2.2871278819013865,10000000.0,92.03902301556487
-57_-1,-57,-1,None,0.2733015146962919,1406.181117588513,38.82016068472649,0.0,0.0,0.0,1173.5837759108754,92.3108022084856,687.0593866293837,133.6832514185922,0.4181469381962612,0.4139654688142986,73.50747805048589,1000000.0,27623.575647403024,3626.3375068132555,2.2871278819013865,10000000.0,92.03902301556487
-56_-2,-56,-2,None,0.24919992615182887,1288.24092619982,0.21026466498346547,0.0,0.0,0.0,1069.4045317637206,55.0494138768953,454.75525756914004,125.91471854168368,0.3301948995868389,0.3268929505909705,69.35137577640162,1000000.0,14220.500289714546,2863.582247176902,0.9806788517729117,10000000.0,72.67975246641883
-56_-1,-56,-1,None,0.24919992615182887,1288.24092619982,0.21026466498346547,0.0,0.0,0.0,1069.4045317637206,55.0494138768953,454.75525756914004,125.91471854168368,0.3301948995868389,0.3268929505909705,69.35137577640162,1000000.0,14220.500289714546,2863.582247176902,0.9806788517729117,10000000.0,72.67975246641883
-55_-2,-55,-2,None,0.24652855392188633,1200.3764510493927,434.44661276423585,0.0,0.0,0.0,1053.6879340835594,59.885512774845196,455.328057116095,123.26821514765598,0.24966100120598864,0.24716439119392872,68.02730221371202,1000000.0,11523.543988980138,2165.1600668588158,0.4943287823878575,10000000.0,54.95330118931005
-55_-1,-55,-1,None,0.24652855392188633,1200.3764510493927,434.44661276423585,0.0,0.0,0.0,1053.6879340835594,59.885512774845196,455.328057116095,123.26821514765598,0.24966100120598864,0.24716439119392872,68.02730221371202,1000000.0,11523.543988980138,2165.1600668588158,0.4943287823878575,10000000.0,54.95330118931005
-54_-2,-54,-2,None,0.24414812468525754,1206.6135161530729,407.17671677253685,0.0,0.0,0.0,1072.0928973615871,57.428825525916785,292.03326852265354,125.91526116521534,0.18717890883723187,0.18530711974885955,0.0,1000000.0,18114.221621518216,1623.2903690000096,0.0,10000000.0,41.200263172589075
-54_-1,-54,-1,None,0.24414812468525754,1206.6135161530729,407.17671677253685,0.0,0.0,0.0,1072.0928973615871,57.428825525916785,292.03326852265354,125.91526116521534,0.18717890883723187,0.18530711974885955,0.0,1000000.0,18114.221621518216,1623.2903690000096,0.0,10000000.0,41.200263172589075
-53_-2,-53,-2,None,0.26135957013480593,1164.4636847060717,827.0478475250081,0.0,0.0,0.0,1156.882181609689,386.9115048846654,389.63759320258947,126.09177470241218,0.3070949397433528,0.30402399034591926,69.49166280910872,1000000.0,20330.20724437656,2663.2501554302526,1.5201199517295962,10000000.0,67.59518160990488
-53_-1,-53,-1,None,0.26135957013480593,1164.4636847060717,827.0478475250081,0.0,0.0,0.0,1156.882181609689,386.9115048846654,389.63759320258947,126.09177470241218,0.3070949397433528,0.30402399034591926,69.49166280910872,1000000.0,20330.20724437656,2663.2501554302526,1.5201199517295962,10000000.0,67.59518160990488
-52_-2,-52,-2,None,0.24850795615051588,1277.2962587328632,21.008432155971796,0.0,0.0,0.0,1061.2131161206123,249.16310400810585,342.24795341652754,127.75898260804095,0.3015418748041264,0.29852645605608513,70.42794201965967,1000000.0,20163.083226465904,2615.091755051306,0.8955793681682555,10000000.0,66.3728871840433
-52_-1,-52,-1,None,0.24850795615051588,1277.2962587328632,21.008432155971796,0.0,0.0,0.0,1061.2131161206123,249.16310400810585,342.24795341652754,127.75898260804095,0.3015418748041264,0.29852645605608513,70.42794201965967,1000000.0,20163.083226465904,2615.091755051306,0.8955793681682555,10000000.0,66.3728871840433
-51_-2,-51,-2,None,0.24214514954614505,1255.045192968773,124.62651608851407,0.0,0.0,0.0,1072.9068672833357,65.06137446315678,345.8684034420413,128.9886593648432,0.12464704171158279,0.12340057129446695,71.43213177740111,1000000.0,12306.805388321649,1080.9890045395305,0.12340057129446695,10000000.0,27.436269150749506
-51_-1,-51,-1,None,0.24214514954614505,1255.045192968773,124.62651608851407,0.0,0.0,0.0,1072.9068672833357,65.06137446315678,345.8684034420413,128.9886593648432,0.12464704171158279,0.12340057129446695,71.43213177740111,1000000.0,12306.805388321649,1080.9890045395305,0.12340057129446695,10000000.0,27.436269150749506
-50_-2,-50,-2,None,0.26244829099776323,1319.9356302833448,136.2671520450828,0.0,0.0,0.0,1128.3631237583622,84.81108996534965,567.4643031067865,129.08810240913155,0.3974690117813455,0.39349432166353204,70.99221835536098,1000000.0,11729.161610682884,3447.0102577725406,1.1804829649905961,10000000.0,87.48756999422692
-50_-1,-50,-1,None,0.26244829099776323,1319.9356302833448,136.2671520450828,0.0,0.0,0.0,1128.3631237583622,84.81108996534965,567.4643031067865,129.08810240913155,0.3974690117813455,0.39349432166353204,70.99221835536098,1000000.0,11729.161610682884,3447.0102577725406,1.1804829649905961,10000000.0,87.48756999422692
-49_-2,-49,-2,None,0.2702637325902522,1256.3683371355892,632.0973600084513,0.0,0.0,0.0,1221.0708692182525,168.33516770375695,580.316487688387,128.89946175405083,0.3483240247043353,0.34484078445729194,70.97661657983397,1000000.0,17589.03183760399,3020.8052718458775,0.6896815689145839,10000000.0,76.67018456461618
-49_-1,-49,-1,None,0.2702637325902522,1256.3683371355892,632.0973600084513,0.0,0.0,0.0,1221.0708692182525,168.33516770375695,580.316487688387,128.89946175405083,0.3483240247043353,0.34484078445729194,70.97661657983397,1000000.0,17589.03183760399,3020.8052718458775,0.6896815689145839,10000000.0,76.67018456461618
-48_-2,-48,-2,None,0.2540851701756508,1253.6314260476236,391.8177875966312,0.0,0.0,0.0,1152.2282412748548,114.93096549732797,342.61465396827214,127.82425056378112,0.19598658372984207,0.19402671789254364,70.65577846877149,1000000.0,12830.461849668289,1699.6740487386824,0.5820801536776309,10000000.0,43.13893524717468
-48_-1,-48,-1,None,0.2540851701756508,1253.6314260476236,391.8177875966312,0.0,0.0,0.0,1152.2282412748548,114.93096549732797,342.61465396827214,127.82425056378112,0.19598658372984207,0.19402671789254364,70.65577846877149,1000000.0,12830.461849668289,1699.6740487386824,0.5820801536776309,10000000.0,43.13893524717468
-47_-2,-47,-2,None,0.2608037474908178,1229.1554167807853,532.9044868856229,0.0,0.0,0.0,1183.0863157445378,136.83942802814795,344.5171704088296,128.5923687315927,0.28329048290816905,0.28045757807908733,70.92404669549302,1000000.0,15631.787765334215,2456.808383972805,0.8413727342372823,10000000.0,62.35554274042653
-47_-1,-47,-1,None,0.2608037474908178,1229.1554167807853,532.9044868856229,0.0,0.0,0.0,1183.0863157445378,136.83942802814795,344.5171704088296,128.5923687315927,0.28329048290816905,0.28045757807908733,70.92404669549302,1000000.0,15631.787765334215,2456.808383972805,0.8413727342372823,10000000.0,62.35554274042653
-46_-2,-46,-2,None,0.2792288008278998,1310.2209378292587,625.6847729245716,0.0,0.0,0.0,1241.6492491805845,140.54221962070926,362.6536162781855,135.3907003819157,0.3408291269884247,0.3374208357185404,74.5963621456217,1000000.0,16969.205719655234,2955.806520894414,1.0156707984254971,10000000.0,75.02047007346229
-46_-1,-46,-1,None,0.2792288008278998,1310.2209378292587,625.6847729245716,0.0,0.0,0.0,1241.6492491805845,140.54221962070926,362.6536162781855,135.3907003819157,0.3408291269884247,0.3374208357185404,74.5963621456217,1000000.0,16969.205719655234,2955.806520894414,1.0156707984254971,10000000.0,75.02047007346229
-45_-2,-45,-2,None,0.2668683261848567,1275.255655453547,655.9633636498363,0.0,0.0,0.0,1196.1939704047952,291.9764065784427,361.76390984163277,134.9331065667138,0.15455292901353881,0.1530073997234034,74.68023231029247,1000000.0,14688.946461930174,1340.3448215770138,0.1530073997234034,10000000.0,34.01890410093944
-45_-1,-45,-1,None,0.2668683261848567,1275.255655453547,655.9633636498363,0.0,0.0,0.0,1196.1939704047952,291.9764065784427,361.76390984163277,134.9331065667138,0.15455292901353881,0.1530073997234034,74.68023231029247,1000000.0,14688.946461930174,1340.3448215770138,0.1530073997234034,10000000.0,34.01890410093944
-44_-2,-44,-2,None,0.29242897562872466,1222.8363297086064,1225.9442543030584,0.0,0.0,0.0,1353.387174226488,261.19171883916795,548.9386217847554,132.34602495909365,0.42781854693751387,0.4235403614681387,72.74704178482185,1000000.0,15762.495192040005,3710.2135664608954,0.8470807229362775,10000000.0,94.167857016774
-44_-1,-44,-1,None,0.29242897562872466,1222.8363297086064,1225.9442543030584,0.0,0.0,0.0,1353.387174226488,261.19171883916795,548.9386217847554,132.34602495909365,0.42781854693751387,0.4235403614681387,72.74704178482185,1000000.0,15762.495192040005,3710.2135664608954,0.8470807229362775,10000000.0,94.167857016774
-43_-2,-43,-2,None,0.30669657657728966,1135.3736407851766,1681.4436399040278,0.0,0.0,0.0,1537.6898949772162,400.97246428974097,858.0996522797499,135.67445845527322,0.48219261528993024,0.4773706891370309,74.49743355851997,1000000.0,17464.050531751687,4181.767236840391,1.9094827565481236,10000000.0,106.13622428528912
-43_-1,-43,-1,None,0.30669657657728966,1135.3736407851766,1681.4436399040278,0.0,0.0,0.0,1537.6898949772162,400.97246428974097,858.0996522797499,135.67445845527322,0.48219261528993024,0.4773706891370309,74.49743355851997,1000000.0,17464.050531751687,4181.767236840391,1.9094827565481236,10000000.0,106.13622428528912
-42_-2,-42,-2,None,0.2989729780672029,1381.617026378815,851.7367144200731,0.0,0.0,0.0,1386.018858752143,210.81818668592757,440.90183471654433,143.52789322869455,0.2852614236787723,0.2824088094419845,79.21775081727756,1000000.0,20784.864295918484,2473.9011707117843,1.1296352377679382,10000000.0,62.78936981501991
-42_-1,-42,-1,None,0.2989729780672029,1381.617026378815,851.7367144200731,0.0,0.0,0.0,1386.018858752143,210.81818668592757,440.90183471654433,143.52789322869455,0.2852614236787723,0.2824088094419845,79.21775081727756,1000000.0,20784.864295918484,2473.9011707117843,1.1296352377679382,10000000.0,62.78936981501991
-41_-2,-41,-2,None,0.28704117510072336,1362.5950226934694,636.499677646082,0.0,0.0,0.0,1298.9711321680434,128.7512603152519,386.5244983089791,144.2185792224986,0.23920248063126243,0.23681045582494978,79.68504915519118,1000000.0,23374.74533149516,2074.45959302656,0.7104313674748494,10000000.0,52.65125870625787
-41_-1,-41,-1,None,0.28704117510072336,1362.5950226934694,636.499677646082,0.0,0.0,0.0,1298.9711321680434,128.7512603152519,386.5244983089791,144.2185792224986,0.23920248063126243,0.23681045582494978,79.68504915519118,1000000.0,23374.74533149516,2074.45959302656,0.7104313674748494,10000000.0,52.65125870625787
-40_-2,-40,-2,None,0.293503295493762,1392.9633564657734,789.3392461460811,0.0,0.0,0.0,1311.1932727038331,137.4975410510158,387.352689796616,144.51310195227484,0.2182951346387905,0.21611218329240256,79.8866140829561,1000000.0,26272.72293639106,1893.1427256414465,0.21611218329240256,10000000.0,48.04930775739712
-40_-1,-40,-1,None,0.293503295493762,1392.9633564657734,789.3392461460811,0.0,0.0,0.0,1311.1932727038331,137.4975410510158,387.352689796616,144.51310195227484,0.2182951346387905,0.21611218329240256,79.8866140829561,1000000.0,26272.72293639106,1893.1427256414465,0.21611218329240256,10000000.0,48.04930775739712
-39_-2,-39,-2,None,0.3383578380371475,1334.83513676717,2105.7873446070325,0.0,0.0,0.0,1570.523936962853,351.1315783480843,424.0035428547849,146.8065164415418,0.3572244590087237,0.3536522144186364,80.90854790498028,1000000.0,25655.185590958597,3097.993398307255,1.7682610720931822,10000000.0,78.62927406871206
-39_-1,-39,-1,None,0.3383578380371475,1334.83513676717,2105.7873446070325,0.0,0.0,0.0,1570.523936962853,351.1315783480843,424.0035428547849,146.8065164415418,0.3572244590087237,0.3536522144186364,80.90854790498028,1000000.0,25655.185590958597,3097.993398307255,1.7682610720931822,10000000.0,78.62927406871206
-38_-2,-38,-2,None,0.3688902702005215,1406.4607859391613,2585.160195124114,0.0,0.0,0.0,1697.0257361576937,397.57605424784987,632.3768371360896,156.07054499993504,0.39716046768333857,0.3931888630065052,86.10880974110962,1000000.0,32061.489922063298,3444.3344399369857,1.9460862916483592,10000000.0,87.41965583596411
-38_-1,-38,-1,None,0.3688902702005215,1406.4607859391613,2585.160195124114,0.0,0.0,0.0,1697.0257361576937,397.57605424784987,632.3768371360896,156.07054499993504,0.39716046768333857,0.3931888630065052,86.10880974110962,1000000.0,32061.489922063298,3444.3344399369857,1.9460862916483592,10000000.0,87.41965583596411
-37_-2,-37,-2,None,0.39361126993611856,1328.2821505649456,3392.5811867419975,0.0,0.0,0.0,1862.142644977845,524.9959591468598,938.1552508596709,158.74365534202312,0.4895166876389504,0.4846215207625608,87.30000237788089,1000000.0,28270.727952242207,4245.284521880033,2.4231076038128174,10000000.0,107.74833811878257
-37_-1,-37,-1,None,0.39361126993611856,1328.2821505649456,3392.5811867419975,0.0,0.0,0.0,1862.142644977845,524.9959591468598,938.1552508596709,158.74365534202312,0.4895166876389504,0.4846215207625608,87.30000237788089,1000000.0,28270.727952242207,4245.284521880033,2.4231076038128174,10000000.0,107.74833811878257
-36_-2,-36,-2,None,0.4012468918937005,272.3915356512743,5459.134335780476,0.0,0.0,0.0,2591.0836903937097,1198.7285024756848,1083.718356115165,154.86324862450005,1.1484914544577658,1.1370065399131881,130.05448242327023,1000000.0,19207.72861381342,9960.177289639529,6.753129752211664,10000000.0,252.79637790963272
-36_-1,-36,-1,None,0.4012468918937005,272.3915356512743,5459.134335780476,0.0,0.0,0.0,2591.0836903937097,1198.7285024756848,1083.718356115165,154.86324862450005,1.1484914544577658,1.1370065399131881,130.05448242327023,1000000.0,19207.72861381342,9960.177289639529,6.753129752211664,10000000.0,252.79637790963272
-35_-2,-35,-2,None,0.3874677205905167,179.85399874808041,5462.052346169999,0.0,0.0,0.0,2520.5316234896263,1112.1303645276535,1119.5884809989245,158.25483142021852,1.0490438891064657,1.038553450215401,118.34875568547389,1000000.0,14705.954683801514,9097.728223886914,8.308427601723208,10000000.0,230.90680771286586
-35_-1,-35,-1,None,0.3874677205905167,179.85399874808041,5462.052346169999,0.0,0.0,0.0,2520.5316234896263,1112.1303645276535,1119.5884809989245,158.25483142021852,1.0490438891064657,1.038553450215401,118.34875568547389,1000000.0,14705.954683801514,9097.728223886914,8.308427601723208,10000000.0,230.90680771286586
-34_-2,-34,-2,None,0.37592583474602337,158.49700296143425,5035.200249322099,0.0,0.0,0.0,2553.401144609755,1118.9375480545923,1112.4810891900404,161.40372289473547,1.02295163937028,1.012722122976577,106.01964966898616,1000000.0,12020.178938275743,8871.445797274815,9.114499106789195,10000000.0,225.16359891560444
-34_-1,-34,-1,None,0.37592583474602337,158.49700296143425,5035.200249322099,0.0,0.0,0.0,2553.401144609755,1118.9375480545923,1112.4810891900404,161.40372289473547,1.02295163937028,1.012722122976577,106.01964966898616,1000000.0,12020.178938275743,8871.445797274815,9.114499106789195,10000000.0,225.16359891560444
-33_-2,-33,-2,None,0.3903119314261959,141.60703140400298,5408.751027937999,0.0,0.0,0.0,2600.6534346719136,1084.567666282396,1148.5961787110841,172.15660724443086,0.9955214154407316,0.9855662012863241,101.25872874047096,1000000.0,15212.069219491283,8633.5599232682,8.780498884187253,10000000.0,219.12588637736548
-33_-1,-33,-1,None,0.3903119314261959,141.60703140400298,5408.751027937999,0.0,0.0,0.0,2600.6534346719136,1084.567666282396,1148.5961787110841,172.15660724443086,0.9955214154407316,0.9855662012863241,101.25872874047096,1000000.0,15212.069219491283,8633.5599232682,8.780498884187253,10000000.0,219.12588637736548
-32_-2,-32,-2,None,0.3744003753300371,140.84703820991828,4921.4032541465995,0.0,0.0,0.0,2547.4744625164085,1041.243648123886,1182.7819514329306,171.6180268589758,0.9734195382240606,0.9636853428418198,93.88537912674948,1000000.0,18169.1456621887,8441.883603294342,6.745797399892739,10000000.0,214.2610051597549
-32_-1,-32,-1,None,0.3744003753300371,140.84703820991828,4921.4032541465995,0.0,0.0,0.0,2547.4744625164085,1041.243648123886,1182.7819514329306,171.6180268589758,0.9734195382240606,0.9636853428418198,93.88537912674948,1000000.0,18169.1456621887,8441.883603294342,6.745797399892739,10000000.0,214.2610051597549
-31_-2,-31,-2,None,0.385971231325779,188.59111075050907,5003.99611504968,0.0,0.0,0.0,2611.4328145754635,1117.760810183823,1195.4957476241136,168.8236788664315,1.0632010918188872,1.0525690809006982,107.88915793277492,1000000.0,21757.08608330984,9220.505148690117,7.367983566304889,10000000.0,234.02297331700808
-31_-1,-31,-1,None,0.385971231325779,188.59111075050907,5003.99611504968,0.0,0.0,0.0,2611.4328145754635,1117.760810183823,1195.4957476241136,168.8236788664315,1.0632010918188872,1.0525690809006982,107.88915793277492,1000000.0,21757.08608330984,9220.505148690117,7.367983566304889,10000000.0,234.02297331700808
-30_-2,-30,-2,None,0.39798338285186313,203.23161100482227,5177.973426141225,0.0,0.0,0.0,2689.4688558133776,1142.2712666251616,1173.6867402221114,175.12221043897745,1.0622138826912335,1.051591743864321,103.44610674528435,1000000.0,29338.420357786235,9211.943676251452,8.41273395091457,10000000.0,233.80567706221962
-30_-1,-30,-1,None,0.39798338285186313,203.23161100482227,5177.973426141225,0.0,0.0,0.0,2689.4688558133776,1142.2712666251616,1173.6867402221114,175.12221043897745,1.0622138826912335,1.051591743864321,103.44610674528435,1000000.0,29338.420357786235,9211.943676251452,8.41273395091457,10000000.0,233.80567706221962
-29_-2,-29,-2,None,0.374737378952313,94.77525040779301,4716.432504509097,0.0,0.0,0.0,2770.690658258881,1333.7414609475095,1132.2261284037254,158.27698392798902,1.1622384392268506,1.1506160548345818,135.87220759138287,1000000.0,27646.268407603286,10079.396640350937,11.389936704423134,10000000.0,255.82224975509993
-29_-1,-29,-1,None,0.374737378952313,94.77525040779301,4716.432504509097,0.0,0.0,0.0,2770.690658258881,1333.7414609475095,1132.2261284037254,158.27698392798902,1.1622384392268506,1.1506160548345818,135.87220759138287,1000000.0,27646.268407603286,10079.396640350937,11.389936704423134,10000000.0,255.82224975509993
-28_-2,-28,-2,None,0.35322827542592156,79.88342161017883,4349.379046939803,0.0,0.0,0.0,2591.93797374862,1091.5891501849746,1149.7880309242591,170.07710678272585,0.938474531641325,0.9290897863249117,94.6179047478711,1000000.0,18103.416948464754,8138.8265282062275,9.197050410084985,10000000.0,206.56920122350832
-28_-1,-28,-1,None,0.35322827542592156,79.88342161017883,4349.379046939803,0.0,0.0,0.0,2591.93797374862,1091.5891501849746,1149.7880309242591,170.07710678272585,0.938474531641325,0.9290897863249117,94.6179047478711,1000000.0,18103.416948464754,8138.8265282062275,9.197050410084985,10000000.0,206.56920122350832
-27_-2,-27,-2,None,0.34064460187609424,107.49457502549832,4160.194355539435,0.0,0.0,0.0,2481.0664965380092,1052.4376043026055,1128.3333285540903,161.73855608471257,0.9047580893583588,0.8957105084647752,88.2101474949219,1000000.0,8948.705261522326,7846.424054151431,7.979966348140727,10000000.0,199.14781863328506
-27_-1,-27,-1,None,0.34064460187609424,107.49457502549832,4160.194355539435,0.0,0.0,0.0,2481.0664965380092,1052.4376043026055,1128.3333285540903,161.73855608471257,0.9047580893583588,0.8957105084647752,88.2101474949219,1000000.0,8948.705261522326,7846.424054151431,7.979966348140727,10000000.0,199.14781863328506
-26_-2,-26,-2,None,0.3495447701845799,89.62218579278694,4326.270844783935,0.0,0.0,0.0,2551.6557636563616,1095.1996225877776,1117.8213809258075,164.53268930458802,0.9468403926447053,0.9373719887182581,103.4654849108642,1000000.0,10351.10687957397,8211.378621171942,9.279035847918113,10000000.0,208.41062490284116
-26_-1,-26,-1,None,0.3495447701845799,89.62218579278694,4326.270844783935,0.0,0.0,0.0,2551.6557636563616,1095.1996225877776,1117.8213809258075,164.53268930458802,0.9468403926447053,0.9373719887182581,103.4654849108642,1000000.0,10351.10687957397,8211.378621171942,9.279035847918113,10000000.0,208.41062490284116
-25_-2,-25,-2,None,0.35244260646434705,116.39411564654681,4288.727482987379,0.0,0.0,0.0,2578.917611304389,1112.338503522001,1121.7792713493955,165.52380446031967,0.9485214974116363,0.9390362824375197,97.37971074814425,1000000.0,12920.066763420413,8225.957834152674,5.577306404780422,10000000.0,208.78065568915417
-25_-1,-25,-1,None,0.35244260646434705,116.39411564654681,4288.727482987379,0.0,0.0,0.0,2578.917611304389,1112.338503522001,1121.7792713493955,165.52380446031967,0.9485214974116363,0.9390362824375197,97.37971074814425,1000000.0,12920.066763420413,8225.957834152674,5.577306404780422,10000000.0,208.78065568915417
-24_-2,-24,-2,None,0.3445059899327748,107.78000586498385,4174.047179159323,0.0,0.0,0.0,2521.089479626228,1093.8525913641424,1065.2843825873151,160.90180231334486,0.9547519882359784,0.9452044683536186,102.62441325798534,1000000.0,8771.317299734592,8279.991142777699,7.497421977645814,10000000.0,210.1520594613629
-24_-1,-24,-1,None,0.3445059899327748,107.78000586498385,4174.047179159323,0.0,0.0,0.0,2521.089479626228,1093.8525913641424,1065.2843825873151,160.90180231334486,0.9547519882359784,0.9452044683536186,102.62441325798534,1000000.0,8771.317299734592,8279.991142777699,7.497421977645814,10000000.0,210.1520594613629
-23_-2,-23,-2,None,0.33626140240097685,183.56072241663358,3802.24760221722,0.0,0.0,0.0,2492.3077318501937,1121.5978399184155,1087.8550588957692,153.3918582763352,0.9466918809587562,0.9372249621491686,98.80549014071819,1000000.0,6568.250274419357,8210.090668426717,4.638790216697906,10000000.0,208.377935746871
-23_-1,-23,-1,None,0.33626140240097685,183.56072241663358,3802.24760221722,0.0,0.0,0.0,2492.3077318501937,1121.5978399184155,1087.8550588957692,153.3918582763352,0.9466918809587562,0.9372249621491686,98.80549014071819,1000000.0,6568.250274419357,8210.090668426717,4.638790216697906,10000000.0,208.377935746871
-22_-2,-22,-2,None,0.3341035796323825,203.45489781354377,3728.7356836090275,0.0,0.0,0.0,2479.931318868359,1124.2848926827935,1064.393466760725,151.4659061343763,0.9407567321273442,0.9313491648060708,84.94562947123583,1000000.0,7610.943319009289,8158.61868370118,4.609707987423987,10000000.0,207.07154019546144
-22_-1,-22,-1,None,0.3341035796323825,203.45489781354377,3728.7356836090275,0.0,0.0,0.0,2479.931318868359,1124.2848926827935,1064.393466760725,151.4659061343763,0.9407567321273442,0.9313491648060708,84.94562947123583,1000000.0,7610.943319009289,8158.61868370118,4.609707987423987,10000000.0,207.07154019546144
-21_-2,-21,-2,None,0.32130517110469037,903.1445483312439,2435.3304352763957,0.0,0.0,0.0,1815.0628511067894,595.4523365054694,780.4517197198587,142.92399488067983,0.5541599930704898,0.5486183931397849,78.40438320640493,1000000.0,17517.329875181364,4805.897123904516,2.7153839660454,10000000.0,121.97708436305878
-21_-1,-21,-1,None,0.32130517110469037,903.1445483312439,2435.3304352763957,0.0,0.0,0.0,1815.0628511067894,595.4523365054694,780.4517197198587,142.92399488067983,0.5541599930704898,0.5486183931397849,78.40438320640493,1000000.0,17517.329875181364,4805.897123904516,2.7153839660454,10000000.0,121.97708436305878
-20_-2,-20,-2,None,0.3150103459744867,1051.7872215675495,2136.43341713968,0.0,0.0,0.0,1639.6084161202937,435.29055170933157,384.7505507153544,143.57541517981815,0.3976753375205024,0.39369858414529735,79.27949737877326,1000000.0,25586.19180428338,3448.799597112805,1.5787710899563943,10000000.0,87.53298469829454
-20_-1,-20,-1,None,0.3150103459744867,1051.7872215675495,2136.43341713968,0.0,0.0,0.0,1639.6084161202937,435.29055170933157,384.7505507153544,143.57541517981815,0.3976753375205024,0.39369858414529735,79.27949737877326,1000000.0,25586.19180428338,3448.799597112805,1.5787710899563943,10000000.0,87.53298469829454
-19_-2,-19,-2,None,0.29869465764690745,959.6524348463577,1997.532458083392,0.0,0.0,0.0,1588.1911752406043,446.449318883704,393.17375086602607,135.57476557003028,0.4480287021217302,0.4435484151005128,74.51226956879314,1000000.0,25477.100017253295,3885.484116280493,2.6344087684757738,10000000.0,98.61634812894653
-19_-1,-19,-1,None,0.29869465764690745,959.6524348463577,1997.532458083392,0.0,0.0,0.0,1588.1911752406043,446.449318883704,393.17375086602607,135.57476557003028,0.4480287021217302,0.4435484151005128,74.51226956879314,1000000.0,25477.100017253295,3885.484116280493,2.6344087684757738,10000000.0,98.61634812894653
-18_-2,-18,-2,None,0.3370287965207134,362.75842114873006,3606.5018154457475,0.0,0.0,0.0,2392.1100391951913,1144.4221685367538,1043.313811916946,137.6487009979333,0.9905732306437042,0.9806674983372319,76.56116238749425,1000000.0,11209.355832539826,8590.647285434152,1.9613349966744638,10000000.0,218.0367331328465
-18_-1,-18,-1,None,0.3370287965207134,362.75842114873006,3606.5018154457475,0.0,0.0,0.0,2392.1100391951913,1144.4221685367538,1043.313811916946,137.6487009979333,0.9905732306437042,0.9806674983372319,76.56116238749425,1000000.0,11209.355832539826,8590.647285434152,1.9613349966744638,10000000.0,218.0367331328465
-17_-2,-17,-2,None,0.3525756031310332,105.80894490107349,4304.167720257917,0.0,0.0,0.0,2619.2810902417737,1144.4838808805007,1048.3698757695308,166.03666466129417,0.9262106783752249,0.9169485715914726,100.04764543270495,1000000.0,7246.850106876107,8032.4694871413,5.501691429548836,10000000.0,203.86978393759645
-17_-1,-17,-1,None,0.3525756031310332,105.80894490107349,4304.167720257917,0.0,0.0,0.0,2619.2810902417737,1144.4838808805007,1048.3698757695308,166.03666466129417,0.9262106783752249,0.9169485715914726,100.04764543270495,1000000.0,7246.850106876107,8032.4694871413,5.501691429548836,10000000.0,203.86978393759645
-16_-2,-16,-2,None,0.3594794486788209,0.0,4561.0822484665,0.0,0.0,0.0,2737.7428542900884,1220.6262920527515,1238.7038753817878,170.10815265207535,0.9767064308113066,0.9669393665031933,156.10445376247685,1000000.0,9436.685828766153,8470.388850567975,7.657378417560643,10000000.0,214.98448859309582
-16_-1,-16,-1,None,0.3594794486788209,0.0,4561.0822484665,0.0,0.0,0.0,2737.7428542900884,1220.6262920527515,1238.7038753817878,170.10815265207535,0.9767064308113066,0.9669393665031933,156.10445376247685,1000000.0,9436.685828766153,8470.388850567975,7.657378417560643,10000000.0,214.98448859309582
-15_-2,-15,-2,None,0.36485565014950766,0.0,4728.529348428762,0.0,0.0,0.0,2756.931229254832,1231.3266989571293,1110.4379736314568,170.9979238884702,0.9873421781235263,0.9774687563422909,133.215680762577,1000000.0,9787.928312974598,8562.62630555847,7.740762676488446,10000000.0,217.32554075021497
-15_-1,-15,-1,None,0.36485565014950766,0.0,4728.529348428762,0.0,0.0,0.0,2756.931229254832,1231.3266989571293,1110.4379736314568,170.9979238884702,0.9873421781235263,0.9774687563422909,133.215680762577,1000000.0,9787.928312974598,8562.62630555847,7.740762676488446,10000000.0,217.32554075021497
-14_-2,-14,-2,None,0.36876964123457806,0.0,4823.320345841453,0.0,0.0,0.0,2725.9051079956057,1183.3668615771091,1144.7564867254148,173.88214636935018,1.0074810247464239,0.9974062144989596,133.73408773874255,1000000.0,11122.152510606515,8737.278439010886,8.885982638263462,10000000.0,221.75833601550474
-14_-1,-14,-1,None,0.36876964123457806,0.0,4823.320345841453,0.0,0.0,0.0,2725.9051079956057,1183.3668615771091,1144.7564867254148,173.88214636935018,1.0074810247464239,0.9974062144989596,133.73408773874255,1000000.0,11122.152510606515,8737.278439010886,8.885982638263462,10000000.0,221.75833601550474
-13_-2,-13,-2,None,0.3827436632481931,0.0,5107.175442988619,0.0,0.0,0.0,2822.652460351737,1266.7047350523974,1258.5234280596196,174.2247171621135,1.0621802966831622,1.0515584937163305,159.02998736032634,1000000.0,17176.94548317527,9211.652404955055,9.368430216745491,10000000.0,233.79828438972223
-13_-1,-13,-1,None,0.3827436632481931,0.0,5107.175442988619,0.0,0.0,0.0,2822.652460351737,1266.7047350523974,1258.5234280596196,174.2247171621135,1.0621802966831622,1.0515584937163305,159.02998736032634,1000000.0,17176.94548317527,9211.652404955055,9.368430216745491,10000000.0,233.79828438972223
-12_-2,-12,-2,None,0.3849767752029028,0.0,5066.112819911009,0.0,0.0,0.0,2856.3970705957067,1289.0191794989432,1367.8734412193303,175.29641085693788,1.0844536708523267,1.0736091341438032,180.47852229269557,1000000.0,16856.18322135799,9404.816015099716,9.564881376917521,10000000.0,238.70091408882527
-12_-1,-12,-1,None,0.3849767752029028,0.0,5066.112819911009,0.0,0.0,0.0,2856.3970705957067,1289.0191794989432,1367.8734412193303,175.29641085693788,1.0844536708523267,1.0736091341438032,180.47852229269557,1000000.0,16856.18322135799,9404.816015099716,9.564881376917521,10000000.0,238.70091408882527
-11_-2,-11,-2,None,0.3923306349396585,0.0,5332.5369149341,0.0,0.0,0.0,2846.667133550369,1271.4540329097995,1399.6131895399726,176.55691158193747,1.084580116322073,1.073734315158852,185.17140845835394,1000000.0,17479.753899318788,9405.912600791544,9.565996625960683,10000000.0,238.72874621298337
-11_-1,-11,-1,None,0.3923306349396585,0.0,5332.5369149341,0.0,0.0,0.0,2846.667133550369,1271.4540329097995,1399.6131895399726,176.55691158193747,1.084580116322073,1.073734315158852,185.17140845835394,1000000.0,17479.753899318788,9405.912600791544,9.565996625960683,10000000.0,238.72874621298337
-10_-2,-10,-2,None,0.386394734260669,0.0,5251.006072166561,0.0,0.0,0.0,2832.2174919972545,1289.8492935223444,1332.3657879408752,172.15688395267435,1.0670282980564771,1.0563580150759122,182.5557107208479,1000000.0,13909.122570131769,9253.696212064991,9.411189588858129,10000000.0,234.8653860930201
-10_-1,-10,-1,None,0.386394734260669,0.0,5251.006072166561,0.0,0.0,0.0,2832.2174919972545,1289.8492935223444,1332.3657879408752,172.15688395267435,1.0670282980564771,1.0563580150759122,182.5557107208479,1000000.0,13909.122570131769,9253.696212064991,9.411189588858129,10000000.0,234.8653860930201
-9_-2,-9,-2,None,0.37747156823290473,0.0,5091.7777345995455,0.0,0.0,0.0,2762.752888863183,1239.2365590912907,1272.4981074375619,170.6103171087424,1.0337781502100474,1.0234403687079465,180.39014201846402,1000000.0,11224.92820624247,8965.337629881613,9.117923284852617,10000000.0,227.5466403523252
-9_-1,-9,-1,None,0.37747156823290473,0.0,5091.7777345995455,0.0,0.0,0.0,2762.752888863183,1239.2365590912907,1272.4981074375619,170.6103171087424,1.0337781502100474,1.0234403687079465,180.39014201846402,1000000.0,11224.92820624247,8965.337629881613,9.117923284852617,10000000.0,227.5466403523252
-8_-2,-8,-2,None,0.3757322187792778,0.0,5063.049694430615,0.0,0.0,0.0,2759.7949480505376,1247.4149128779522,1221.8616764976232,169.08739063673465,1.0326449764600996,1.0223185266954982,181.3347069061574,1000000.0,10388.349496224762,8955.510293852565,8.095936615447181,10000000.0,227.29721558001435
-8_-1,-8,-1,None,0.3757322187792778,0.0,5063.049694430615,0.0,0.0,0.0,2759.7949480505376,1247.4149128779522,1221.8616764976232,169.08739063673465,1.0326449764600996,1.0223185266954982,181.3347069061574,1000000.0,10388.349496224762,8955.510293852565,8.095936615447181,10000000.0,227.29721558001435
-7_-2,-7,-2,None,0.37617418751051046,0.0,4961.409306935268,0.0,0.0,0.0,2822.3246710316153,1299.2736688721513,1185.6517152820225,169.5913948330211,1.044226513448988,1.0337842483144979,184.15522151949972,1000000.0,12462.145279814553,9055.950015235005,8.186735865440067,10000000.0,229.84644708718287
-7_-1,-7,-1,None,0.37617418751051046,0.0,4961.409306935268,0.0,0.0,0.0,2822.3246710316153,1299.2736688721513,1185.6517152820225,169.5913948330211,1.044226513448988,1.0337842483144979,184.15522151949972,1000000.0,12462.145279814553,9055.950015235005,8.186735865440067,10000000.0,229.84644708718287
-6_-2,-6,-2,None,0.37850451540374636,0.0,5008.321305102703,0.0,0.0,0.0,2825.1617950191508,1299.3538658243508,1115.7314574948628,169.93473079101696,1.0625613413153643,1.0519357279022106,185.58705328715786,1000000.0,11496.191300075716,9214.956976423367,8.330480915912457,10000000.0,233.8821567620144
-6_-1,-6,-1,None,0.37850451540374636,0.0,5008.321305102703,0.0,0.0,0.0,2825.1617950191508,1299.3538658243508,1115.7314574948628,169.93473079101696,1.0625613413153643,1.0519357279022106,185.58705328715786,1000000.0,11496.191300075716,9214.956976423367,8.330480915912457,10000000.0,233.8821567620144
-5_-2,-5,-2,None,0.3800808110189967,0.0,4987.744023795464,0.0,0.0,0.0,2879.523045411394,1371.5092545860327,1074.0678719719754,166.55576034944124,1.1128767369117611,1.1017479695426433,180.09366263349258,1000000.0,12291.39947208521,9651.312213193558,8.724953617388207,10000000.0,244.9571627714101
-5_-1,-5,-1,None,0.3800808110189967,0.0,4987.744023795464,0.0,0.0,0.0,2879.523045411394,1371.5092545860327,1074.0678719719754,166.55576034944124,1.1128767369117611,1.1017479695426433,180.09366263349258,1000000.0,12291.39947208521,9651.312213193558,8.724953617388207,10000000.0,244.9571627714101
-4_-2,-4,-2,None,0.3829843185861238,0.0,4985.167453381669,0.0,0.0,0.0,2934.9067735450703,1419.5514795516679,1107.2203293566208,166.70465220033364,1.1328884401504216,1.1215595557489173,183.1660700212642,1000000.0,13342.630285723613,9824.861708360517,8.881845370779306,10000000.0,249.36197229341414
-4_-1,-4,-1,None,0.3829843185861238,0.0,4985.167453381669,0.0,0.0,0.0,2934.9067735450703,1419.5514795516679,1107.2203293566208,166.70465220033364,1.1328884401504216,1.1215595557489173,183.1660700212642,1000000.0,13342.630285723613,9824.861708360517,8.881845370779306,10000000.0,249.36197229341414
-3_-2,-3,-2,None,0.39324743686355557,0.0,5332.28643443843,0.0,0.0,0.0,2930.1099634628195,1380.707309015266,1169.25088989108,171.58222635069183,1.1015809711727467,1.0905651614610192,188.6422665733931,1000000.0,14711.453517049787,9553.350814398527,9.715944165743625,10000000.0,242.4708328527545
-3_-1,-3,-1,None,0.39324743686355557,0.0,5332.28643443843,0.0,0.0,0.0,2930.1099634628195,1380.707309015266,1169.25088989108,171.58222635069183,1.1015809711727467,1.0905651614610192,188.6422665733931,1000000.0,14711.453517049787,9553.350814398527,9.715944165743625,10000000.0,242.4708328527545
-2_-2,-2,-2,None,0.41917876618249816,0.0,5963.311220287037,0.0,0.0,0.0,3016.75314574402,1452.1735550964481,1304.5870434070985,172.33570958681617,1.2097727484452834,1.1976750209608304,245.75465946074416,1000000.0,18442.812111705607,10491.633183616876,11.855772934763777,10000000.0,266.28510618316943
-2_-1,-2,-1,None,0.41917876618249816,0.0,5963.311220287037,0.0,0.0,0.0,3016.75314574402,1452.1735550964481,1304.5870434070985,172.33570958681617,1.2097727484452834,1.1976750209608304,245.75465946074416,1000000.0,18442.812111705607,10491.633183616876,11.855772934763777,10000000.0,266.28510618316943
-1_-2,-1,-2,None,0.42797371868095985,0.0,6178.259425926213,0.0,0.0,0.0,3069.452742058921,1489.917734365083,1264.825091311584,173.60114670626314,1.2266180271475762,1.2143518468761003,243.3439352176632,1000000.0,23875.021879924923,10637.72217863464,10.818770999441623,10000000.0,269.9929486963107
-1_-1,-1,-1,None,0.42797371868095985,0.0,6178.259425926213,0.0,0.0,0.0,3069.452742058921,1489.917734365083,1264.825091311584,173.60114670626314,1.2266180271475762,1.2143518468761003,243.3439352176632,1000000.0,23875.021879924923,10637.72217863464,10.818770999441623,10000000.0,269.9929486963107
0_-2,0,-2,None,0.4245296364215219,0.0,6087.902365870458,0.0,0.0,0.0,3111.605496563969,1653.997383979277,1371.9703466456335,155.73441531066769,1.3776799198361545,1.3639031206377927,267.50187326237835,1000000.0,24098.93551344365,11947.791336787064,14.851389535833743,10000000.0,303.24343494383413
0_-1,0,-1,None,0.4245296364215219,0.0,6087.902365870458,0.0,0.0,0.0,3111.605496563969,1653.997383979277,1371.9703466456335,155.73441531066769,1.3776799198361545,1.3639031206377927,267.50187326237835,1000000.0,24098.93551344365,11947.791336787064,14.851389535833743,10000000.0,303.24343494383413
1_-2,1,-2,None,0.44932556700276904,0.0,6349.235408437536,0.0,0.0,0.0,3321.7133144563572,1714.4676293873645,1500.3030976977032,173.47161183886092,1.3821154815162167,1.3682943267010543,295.28191191695197,1000000.0,29973.358963786606,11986.258301901236,14.899204890744814,10000000.0,304.2197538553613
1_-1,1,-1,None,0.44932556700276904,0.0,6349.235408437536,0.0,0.0,0.0,3321.7133144563572,1714.4676293873645,1500.3030976977032,173.47161183886092,1.3821154815162167,1.3682943267010543,295.28191191695197,1000000.0,29973.358963786606,11986.258301901236,14.899204890744814,10000000.0,304.2197538553613
2_-2,2,-2,None,0.4452413071341357,0.0,6408.781909502619,0.0,0.0,0.0,3256.131454001642,1717.0202238885224,1459.8596724137199,164.91387140128757,1.4198896863659243,1.405690789502265,290.2904964357886,1000000.0,21474.207241983124,12313.851316039842,13.91491892638606,10000000.0,312.5342973614173
2_-1,2,-1,None,0.4452413071341357,0.0,6408.781909502619,0.0,0.0,0.0,3256.131454001642,1717.0202238885224,1459.8596724137199,164.91387140128757,1.4198896863659243,1.405690789502265,290.2904964357886,1000000.0,21474.207241983124,12313.851316039842,13.91491892638606,10000000.0,312.5342973614173
3_-2,3,-2,None,0.4028890504542213,2360.333660435152,1514.9072523036737,0.0,0.0,0.0,1421.8825367428942,261.8638776831041,473.20381447745297,140.81325384295135,0.2343744057919231,0.23203066173400386,0.0,1000000.0,14529.341784059983,2032.588596789874,0.0,10000000.0,51.58854306573284
3_-1,3,-1,None,0.4028890504542213,2360.333660435152,1514.9072523036737,0.0,0.0,0.0,1421.8825367428942,261.8638776831041,473.20381447745297,140.81325384295135,0.2343744057919231,0.23203066173400386,0.0,1000000.0,14529.341784059983,2032.588596789874,0.0,10000000.0,51.58854306573284
4_-2,4,-2,None,0.4697723687403706,286.84507946454113,6632.873008983687,0.0,0.0,0.0,3137.4878447488663,1539.8627906576191,1364.6429824364363,175.063169461384,1.2941453982495503,1.2812039442670546,142.70714851114226,1000000.0,24717.157040755403,11223.3465517794,7.687223665602328,10000000.0,284.85651146648223
4_-1,4,-1,None,0.4697723687403706,286.84507946454113,6632.873008983687,0.0,0.0,0.0,3137.4878447488663,1539.8627906576191,1364.6429824364363,175.063169461384,1.2941453982495503,1.2812039442670546,142.70714851114226,1000000.0,24717.157040755403,11223.3465517794,7.687223665602328,10000000.0,284.85651146648223
5_-2,5,-2,Ghana,0.4468995616979819,0.0,6529.350331195447,0.0,0.0,0.0,3257.6311069198955,1675.4134489555252,1203.350571908215,170.96804942435372,1.3516623491496664,1.3381457256581695,213.0333285719496,1000000.0,26429.242449982805,11722.156556765565,14.570920123833401,10000000.0,297.51666387729864
5_-1,5,-1,None,0.4468995616979819,0.0,6529.350331195447,0.0,0.0,0.0,3257.6311069198955,1675.4134489555252,1203.350571908215,170.96804942435372,1.3516623491496664,1.3381457256581695,213.0333285719496,1000000.0,26429.242449982805,11722.156556765565,14.570920123833401,10000000.0,297.51666387729864
6_-2,6,-2,Ghana,0.42111416451691586,0.0,5890.418150496254,0.0,0.0,0.0,3185.455855313322,1657.4411842723391,1169.7372518252057,164.48021303038232,1.300898047538086,1.287889067062705,180.38961124915434,1000000.0,15180.418812800963,11281.908227469296,11.47392077928592,10000000.0,286.3428484129263
6_-1,6,-1,Ghana,0.42111416451691586,0.0,5890.418150496254,0.0,0.0,0.0,3185.455855313322,1657.4411842723391,1169.7372518252057,164.48021303038232,1.300898047538086,1.287889067062705,180.38961124915434,1000000.0,15180.418812800963,11281.908227469296,11.47392077928592,10000000.0,286.3428484129263
7_-2,7,-2,Ghana,0.4058736826247449,0.0,5555.139391377854,0.0,0.0,0.0,3126.38458662926,1628.7986098275392,1170.492018946712,161.1349466858174,1.2435992260209965,1.2311632337607865,175.9167699621459,1000000.0,11238.981649304611,10784.989927744491,9.749817932004612,10000000.0,273.73070882600234
7_-1,7,-1,Ghana,0.4058736826247449,0.0,5555.139391377854,0.0,0.0,0.0,3126.38458662926,1628.7986098275392,1170.492018946712,161.1349466858174,1.2435992260209965,1.2311632337607865,175.9167699621459,1000000.0,11238.981649304611,10784.989927744491,9.749817932004612,10000000.0,273.73070882600234
8_-2,8,-2,Ghana,0.4073584006569611,0.0,5654.883788117488,0.0,0.0,0.0,3149.2579778697846,1711.521877983437,1049.4385411892752,152.32984177231882,1.3212449334081833,1.3080324840741013,158.96280533001078,1000000.0,10119.607481065606,11458.364560489128,10.46425987259281,10000000.0,290.8214355454094
8_-1,8,-1,Ghana,0.4073584006569611,0.0,5654.883788117488,0.0,0.0,0.0,3149.2579778697846,1711.521877983437,1049.4385411892752,152.32984177231882,1.3212449334081833,1.3080324840741013,158.96280533001078,1000000.0,10119.607481065606,11458.364560489128,10.46425987259281,10000000.0,290.8214355454094
9_-2,9,-2,Ghana,0.3986363739089151,384.56740060198587,5048.523644175464,0.0,0.0,0.0,2873.871211818559,1646.5189637698713,966.4128351773711,127.07181932181966,1.2632625408635851,1.2506299154549492,66.16619847840077,1000000.0,4582.997876856096,10955.518059385355,4.951989160185254,10000000.0,278.0588339945522
9_-1,9,-1,Ghana,0.3986363739089151,384.56740060198587,5048.523644175464,0.0,0.0,0.0,2873.871211818559,1646.5189637698713,966.4128351773711,127.07181932181966,1.2632625408635851,1.2506299154549492,66.16619847840077,1000000.0,4582.997876856096,10955.518059385355,4.951989160185254,10000000.0,278.0588339945522
10_-2,10,-2,Ghana,0.2849625857469595,1674.202480960906,335.9647298305665,0.0,0.0,0.0,1097.4531485887849,0.6373451761473904,5.736106585327548,137.0931472176061,0.0006614208967906863,0.0006548066878227794,0.0,1000000.0,21513.02868851362,5.736106585327548,0.0,10000000.0,0.14558646155653676
10_-1,10,-1,Ghana,0.2849625857469595,1674.202480960906,335.9647298305665,0.0,0.0,0.0,1097.4531485887849,0.6373451761473904,5.736106585327548,137.0931472176061,0.0006614208967906863,0.0006548066878227794,0.0,1000000.0,21513.02868851362,5.736106585327548,0.0,10000000.0,0.14558646155653676
11_-2,11,-2,Burkina Faso,0.2853692695967019,1697.2770214386192,102.59671618498085,0.0,0.0,0.0,1139.6299458724557,24.3137094356523,156.25944338983595,139.02683876209517,0.039250026762964456,0.03885752649533481,0.0,1000000.0,23258.983573558722,340.391932099133,0.0,10000000.0,8.639389139571904
11_-1,11,-1,Burkina Faso,0.2853692695967019,1697.2770214386192,102.59671618498085,0.0,0.0,0.0,1139.6299458724557,24.3137094356523,156.25944338983595,139.02683876209517,0.039250026762964456,0.03885752649533481,0.0,1000000.0,23258.983573558722,340.391932099133,0.0,10000000.0,8.639389139571904
12_-2,12,-2,Burkina Faso,0.3081316781104977,1818.255480151254,319.20020310247867,0.0,0.0,0.0,1200.4009540800216,52.387828936066626,169.24241638502258,142.6647290632751,0.07854590969664305,0.07776045059967661,0.0,1000000.0,25670.20984406266,681.1815472531671,0.0,10000000.0,17.288871757694597
12_-1,12,-1,Burkina Faso,0.3081316781104977,1818.255480151254,319.20020310247867,0.0,0.0,0.0,1200.4009540800216,52.387828936066626,169.24241638502258,142.6647290632751,0.07854590969664305,0.07776045059967661,0.0,1000000.0,25670.20984406266,681.1815472531671,0.0,10000000.0,17.288871757694597
13_-2,13,-2,Burkina Faso,0.31638862684721736,1820.0816708882355,540.7409397108211,0.0,0.0,0.0,1217.1636585250717,10.604403503432422,75.16214881067606,150.6517160240805,0.01589608938063524,0.015737128486828886,0.0,1000000.0,34674.61961822076,137.85724554462104,0.0,10000000.0,3.498914861538605
13_-1,13,-1,Burkina Faso,0.31638862684721736,1820.0816708882355,540.7409397108211,0.0,0.0,0.0,1217.1636585250717,10.604403503432422,75.16214881067606,150.6517160240805,0.01589608938063524,0.015737128486828886,0.0,1000000.0,34674.61961822076,137.85724554462104,0.0,10000000.0,3.498914861538605
14_-2,14,-2,Burkina Faso,0.3839696402289399,1854.6929648524826,2024.5749132933831,0.0,0.0,0.0,1570.1168026406058,255.97123817717727,372.39103976710203,160.17360780997856,0.21100200199839758,0.2088919819784136,0.0,1000000.0,41327.0695387742,1829.8937621309033,0.0,10000000.0,46.44400411499755
14_-1,14,-1,Burkina Faso,0.3839696402289399,1854.6929648524826,2024.5749132933831,0.0,0.0,0.0,1570.1168026406058,255.97123817717727,372.39103976710203,160.17360780997856,0.21100200199839758,0.2088919819784136,0.0,1000000.0,41327.0695387742,1829.8937621309033,0.0,10000000.0,46.44400411499755
15_-2,15,-2,Mali,0.3835908301745759,1402.1100762080812,2817.0081875994333,0.0,0.0,0.0,1881.8784880831909,504.8122830705281,663.6979036082921,164.0566384143891,0.40028854804711095,0.39628566256663983,7.46629311394214,1000000.0,46261.107250717556,3471.4624040837653,0.39628566256663983,10000000.0,88.10818284476562
15_-1,15,-1,Mali,0.3835908301745759,1402.1100762080812,2817.0081875994333,0.0,0.0,0.0,1881.8784880831909,504.8122830705281,663.6979036082921,164.0566384143891,0.40028854804711095,0.39628566256663983,7.46629311394214,1000000.0,46261.107250717556,3471.4624040837653,0.39628566256663983,10000000.0,88.10818284476562
16_-2,16,-2,Mali,0.3735950957520217,1353.7213286953515,2569.976985969237,0.0,0.0,0.0,1833.5945710255808,520.2343911434305,544.1456111527658,155.8465103002212,0.5173687637678449,0.5121950761301663,85.63997231862683,1000000.0,46463.45330098519,4486.828866900258,2.053953992158344,10000000.0,113.87890525127558
16_-1,16,-1,Mali,0.3735950957520217,1353.7213286953515,2569.976985969237,0.0,0.0,0.0,1833.5945710255808,520.2343911434305,544.1456111527658,155.8465103002212,0.5173687637678449,0.5121950761301663,85.63997231862683,1000000.0,46463.45330098519,4486.828866900258,2.053953992158344,10000000.0,113.87890525127558
17_-2,17,-2,Mali,0.36718544089888705,1514.0744136565293,2113.502261763999,0.0,0.0,0.0,1638.7321788949168,480.8369639813471,504.5234203536408,155.14444631929513,0.4579992830973967,0.4534192902664227,85.357700284923,1000000.0,46443.19626887783,3971.952982733863,0.9068385805328454,10000000.0,100.81098940948891
17_-1,17,-1,Mali,0.36718544089888705,1514.0744136565293,2113.502261763999,0.0,0.0,0.0,1638.7321788949168,480.8369639813471,504.5234203536408,155.14444631929513,0.4579992830973967,0.4534192902664227,85.357700284923,1000000.0,46443.19626887783,3971.952982733863,0.9068385805328454,10000000.0,100.81098940948891
18_-2,18,-2,Mali,0.3770483475466895,1275.8485859546508,2818.022434992405,0.0,0.0,0.0,1900.269299896191,570.816015802794,632.5987993456478,157.04872597447593,0.5486382735832982,0.5431518908474652,86.25109864310373,1000000.0,44836.66609087784,4758.010563823795,2.178093946125694,10000000.0,120.76168943715216
18_-1,18,-1,Mali,0.3770483475466895,1275.8485859546508,2818.022434992405,0.0,0.0,0.0,1900.269299896191,570.816015802794,632.5987993456478,157.04872597447593,0.5486382735832982,0.5431518908474652,86.25109864310373,1000000.0,44836.66609087784,4758.010563823795,2.178093946125694,10000000.0,120.76168943715216
19_-2,19,-2,Mali,0.3878744272710025,1096.5146744742485,3425.577846300871,0.0,0.0,0.0,2121.000771063374,756.9331062431941,612.5256874618337,158.39719122452777,0.6290454492424111,0.622754994749987,87.65692960928645,1000000.0,44129.759580857295,5455.333754009886,1.8493936207726887,10000000.0,138.4602475637027
19_-1,19,-1,Mali,0.3878744272710025,1096.5146744742485,3425.577846300871,0.0,0.0,0.0,2121.000771063374,756.9331062431941,612.5256874618337,158.39719122452777,0.6290454492424111,0.622754994749987,87.65692960928645,1000000.0,44129.759580857295,5455.333754009886,1.8493936207726887,10000000.0,138.4602475637027
20_-2,20,-2,Mali,0.4076736104781355,1132.1869163637416,3814.9657999516435,0.0,0.0,0.0,2234.0810117215806,842.3025618468855,559.6237020596474,160.49493237034935,0.6591302911830604,0.6525389882712298,88.8383899296118,1000000.0,44667.598572512165,5716.2415372559735,1.9378430560781976,10000000.0,145.08227251918714
20_-1,20,-1,Mali,0.4076736104781355,1132.1869163637416,3814.9657999516435,0.0,0.0,0.0,2234.0810117215806,842.3025618468855,559.6237020596474,160.49493237034935,0.6591302911830604,0.6525389882712298,88.8383899296118,1000000.0,44667.598572512165,5716.2415372559735,1.9378430560781976,10000000.0,145.08227251918714
21_-2,21,-2,Mali,0.4241832555126386,362.77628192206316,5463.861742303796,0.0,0.0,0.0,3041.6200434639736,1573.4725236478912,1083.999994271451,158.3404694182528,1.0938433664103338,1.0829049327462303,99.99557687171874,1000000.0,20493.51828612149,9486.24721085698,4.287865996328509,10000000.0,240.76769570702996
21_-1,21,-1,Mali,0.4241832555126386,362.77628192206316,5463.861742303796,0.0,0.0,0.0,3041.6200434639736,1573.4725236478912,1083.999994271451,158.3404694182528,1.0938433664103338,1.0829049327462303,99.99557687171874,1000000.0,20493.51828612149,9486.24721085698,4.287865996328509,10000000.0,240.76769570702996
22_-2,22,-2,Mali,0.4321827099188519,265.4965072280513,5776.864627718536,0.0,0.0,0.0,3207.229906830825,1741.0434583091278,1185.2837307149846,155.41374597769962,1.1898174491893831,1.177919274697489,124.25488721505052,1000000.0,16153.271826717262,10318.572846350007,9.328168801644765,10000000.0,261.8927118362946
22_-1,22,-1,Mali,0.4321827099188519,265.4965072280513,5776.864627718536,0.0,0.0,0.0,3207.229906830825,1741.0434583091278,1185.2837307149846,155.41374597769962,1.1898174491893831,1.177919274697489,124.25488721505052,1000000.0,16153.271826717262,10318.572846350007,9.328168801644765,10000000.0,261.8927118362946
23_-2,23,-2,Mali,0.44058132984436227,190.97708447977183,6109.566401566479,0.0,0.0,0.0,3329.8904662689806,1856.4738938168257,1167.1744216448371,154.4703220959964,1.2523539656370224,1.239830425980652,135.4929478455843,1000000.0,12112.232595002295,10860.914531590512,9.818455090594258,10000000.0,275.6577292281856
23_-1,23,-1,Algeria,0.44058132984436227,190.97708447977183,6109.566401566479,0.0,0.0,0.0,3329.8904662689806,1856.4738938168257,1167.1744216448371,154.4703220959964,1.2523539656370224,1.239830425980652,135.4929478455843,1000000.0,12112.232595002295,10860.914531590512,9.818455090594258,10000000.0,275.6577292281856
24_-2,24,-2,Algeria,0.4471252486972473,139.80850031950817,6356.6429620666795,0.0,0.0,0.0,3376.577301179528,1831.3889183978051,1161.9767927549576,163.84331539128,1.2130461524486997,1.2009156909242127,129.44749549134116,1000000.0,10440.76570485494,10520.021452496103,9.607325527393701,10000000.0,267.0056206217285
24_-1,24,-1,Algeria,0.4471252486972473,139.80850031950817,6356.6429620666795,0.0,0.0,0.0,3376.577301179528,1831.3889183978051,1161.9767927549576,163.84331539128,1.2130461524486997,1.2009156909242127,129.44749549134116,1000000.0,10440.76570485494,10520.021452496103,9.607325527393701,10000000.0,267.0056206217285
25_-2,25,-2,Algeria,0.45083865877229334,246.10782676104844,6423.746234850585,0.0,0.0,0.0,3273.36787994687,1803.003766183377,1099.5956462510894,154.94442725408427,1.2346085788593368,1.2222624930707435,117.86305230144616,1000000.0,12229.760480205627,10707.019439299713,9.679331258257204,10000000.0,271.75176241877443
25_-1,25,-1,Algeria,0.45083865877229334,246.10782676104844,6423.746234850585,0.0,0.0,0.0,3273.36787994687,1803.003766183377,1099.5956462510894,154.94442725408427,1.2346085788593368,1.2222624930707435,117.86305230144616,1000000.0,12229.760480205627,10707.019439299713,9.679331258257204,10000000.0,271.75176241877443
26_-2,26,-2,Algeria,0.4352240433409526,924.7715463204627,4915.030398742914,0.0,0.0,0.0,2587.5812796177315,1164.48423415046,575.0390037459159,159.25401993345938,0.8265609176292931,0.818295308453,88.09693671891621,1000000.0,20732.79766997322,7168.266902048281,2.4548859253590005,10000000.0,181.93570817381425
26_-1,26,-1,Algeria,0.4352240433409526,924.7715463204627,4915.030398742914,0.0,0.0,0.0,2587.5812796177315,1164.48423415046,575.0390037459159,159.25401993345938,0.8265609176292931,0.818295308453,88.09693671891621,1000000.0,20732.79766997322,7168.266902048281,2.4548859253590005,10000000.0,181.93570817381425
27_-2,27,-2,Algeria,0.4109848072625332,1102.3072972457257,4011.5907799565366,0.0,0.0,0.0,2266.6110307035106,887.4243552192265,483.3657127553913,158.19887439469255,0.6910880319467957,0.6841771516273277,87.47192932642893,1000000.0,26204.54344180301,5993.391848255392,2.709065085231439,10000000.0,152.11654437196427
27_-1,27,-1,Algeria,0.4109848072625332,1102.3072972457257,4011.5907799565366,0.0,0.0,0.0,2266.6110307035106,887.4243552192265,483.3657127553913,158.19887439469255,0.6910880319467957,0.6841771516273277,87.47192932642893,1000000.0,26204.54344180301,5993.391848255392,2.709065085231439,10000000.0,152.11654437196427
28_-2,28,-2,Algeria,0.37842213648266654,1509.4298354937935,2295.8071662857074,0.0,0.0,0.0,1703.0225585689673,826.6485001708094,484.25939620534496,160.81182081142896,0.4878465499949679,0.48296808449501816,88.6070046895058,1000000.0,32141.779883398696,4230.80042017636,2.390448094975343,10000000.0,107.3807213242731
28_-1,28,-1,Algeria,0.37842213648266654,1509.4298354937935,2295.8071662857074,0.0,0.0,0.0,1703.0225585689673,826.6485001708094,484.25939620534496,160.81182081142896,0.4878465499949679,0.48296808449501816,88.6070046895058,1000000.0,32141.779883398696,4230.80042017636,2.390448094975343,10000000.0,107.3807213242731
29_-2,29,-2,Algeria,0.3621595953089231,1642.420463500131,1487.9707318155356,0.0,0.0,0.0,1445.5047446548926,244.14941812325,422.6060023609868,157.66131699136253,0.5616530199372718,0.556036489737899,87.16578433016389,1000000.0,25973.91091664134,4870.879650103996,2.201679838154105,10000000.0,123.62638705847706
29_-1,29,-1,Algeria,0.3621595953089231,1642.420463500131,1487.9707318155356,0.0,0.0,0.0,1445.5047446548926,244.14941812325,422.6060023609868,157.66131699136253,0.5616530199372718,0.556036489737899,87.16578433016389,1000000.0,25973.91091664134,4870.879650103996,2.201679838154105,10000000.0,123.62638705847706
30_-2,30,-2,Algeria,0.36785835407484674,1488.0021655975756,2158.807704738901,0.0,0.0,0.0,1557.588136669579,713.9821330306005,486.3247440594696,153.2766808940594,0.5845278995185015,0.5786826205233164,84.62624111031005,1000000.0,39389.43093147965,5069.259755784252,2.291349366112526,10000000.0,128.66141512142772
30_-1,30,-1,Algeria,0.36785835407484674,1488.0021655975756,2158.807704738901,0.0,0.0,0.0,1557.588136669579,713.9821330306005,486.3247440594696,153.2766808940594,0.5845278995185015,0.5786826205233164,84.62624111031005,1000000.0,39389.43093147965,5069.259755784252,2.291349366112526,10000000.0,128.66141512142772
31_-2,31,-2,Algeria,0.37688165116904004,1473.2773681008507,2349.835902825836,0.0,0.0,0.0,1587.2001069543064,830.6724562884226,408.1902675746391,152.2400146149956,0.694797803782458,0.6878498257446334,84.28441247977452,1000000.0,49646.77652893476,6025.564473522989,2.0635494772339005,10000000.0,152.93310846505048
31_-1,31,-1,Algeria,0.37688165116904004,1473.2773681008507,2349.835902825836,0.0,0.0,0.0,1587.2001069543064,830.6724562884226,408.1902675746391,152.2400146149956,0.694797803782458,0.6878498257446334,84.28441247977452,1000000.0,49646.77652893476,6025.564473522989,2.0635494772339005,10000000.0,152.93310846505048
32_-2,32,-2,Algeria,0.3718052305016482,1552.3718215910176,1777.026507762505,0.0,0.0,0.0,1554.3594807847594,481.18441890548297,429.8585015760124,160.41318079267884,0.6697403721921822,0.6630429684702603,88.56341812150887,1000000.0,56436.63214347025,5808.256403799481,3.3152148423513017,10000000.0,147.41767522333708
32_-1,32,-1,Algeria,0.3718052305016482,1552.3718215910176,1777.026507762505,0.0,0.0,0.0,1554.3594807847594,481.18441890548297,429.8585015760124,160.41318079267884,0.6697403721921822,0.6630429684702603,88.56341812150887,1000000.0,56436.63214347025,5808.256403799481,3.3152148423513017,10000000.0,147.41767522333708
33_-2,33,-2,Morocco,0.3718007170565883,1563.012730864532,1583.5310498663205,0.0,0.0,0.0,1560.972582163822,462.44923698334594,432.8498025422073,161.5127511915678,0.7402547496746249,0.7328522021778786,89.21527310702778,1000000.0,58237.65796751421,6419.785291078217,3.627248273405662,10000000.0,162.93871297152836
33_-1,33,-1,Algeria,0.3718007170565883,1563.012730864532,1583.5310498663205,0.0,0.0,0.0,1560.972582163822,462.44923698334594,432.8498025422073,161.5127511915678,0.7402547496746249,0.7328522021778786,89.21527310702778,1000000.0,58237.65796751421,6419.785291078217,3.627248273405662,10000000.0,162.93871297152836
34_-2,34,-2,Morocco,0.34989115781965874,1598.7062444985745,930.6149956455617,0.0,0.0,0.0,1400.0336646110163,209.20705914030418,420.10808021751376,156.8236978270738,0.7403583280728682,0.7329547447921394,86.44998072063161,1000000.0,53031.68727029451,6420.683564379141,4.397728468752836,10000000.0,162.9615117862726
34_-1,34,-1,Algeria,0.34989115781965874,1598.7062444985745,930.6149956455617,0.0,0.0,0.0,1400.0336646110163,209.20705914030418,420.10808021751376,156.8236978270738,0.7403583280728682,0.7329547447921394,86.44998072063161,1000000.0,53031.68727029451,6420.683564379141,4.397728468752836,10000000.0,162.9615117862726
35_-2,35,-2,Algeria,0.3137671507654041,1515.1048440930542,563.750184568472,0.0,0.0,0.0,1281.443166744013,132.46367083501988,461.1740192164753,148.5631325725469,0.516878289515553,0.5117095066203974,81.59465484163665,1000000.0,40684.71575478339,4482.5752779946815,2.5585475331019216,10000000.0,113.770946141997
35_-1,35,-1,Algeria,0.3137671507654041,1515.1048440930542,563.750184568472,0.0,0.0,0.0,1281.443166744013,132.46367083501988,461.1740192164753,148.5631325725469,0.516878289515553,0.5117095066203974,81.59465484163665,1000000.0,40684.71575478339,4482.5752779946815,2.5585475331019216,10000000.0,113.770946141997
36_-2,36,-2,None,0.3009031070715233,1512.6036565827358,124.28381668010397,0.0,0.0,0.0,1261.397114117626,407.56649946123605,441.7422569497042,143.15390069319153,0.5687726809044085,0.5630849540953643,78.49542448028178,1000000.0,34410.145122050286,4932.6241978753915,2.815424770476758,10000000.0,125.19350756028913
36_-1,36,-1,None,0.3009031070715233,1512.6036565827358,124.28381668010397,0.0,0.0,0.0,1261.397114117626,407.56649946123605,441.7422569497042,143.15390069319153,0.5687726809044085,0.5630849540953643,78.49542448028178,1000000.0,34410.145122050286,4932.6241978753915,2.815424770476758,10000000.0,125.19350756028913
37_-2,37,-2,Spain,0.30256702347990294,1494.864782227995,424.3878808456103,0.0,0.0,0.0,1247.0361468131932,138.59711870763192,607.6513296628209,136.3383362278985,0.577860782384684,0.5720821745608371,75.39533459623514,1000000.0,26130.020452432625,5011.439849152933,1.1326071334739807,10000000.0,127.19390480083587
37_-1,37,-1,None,0.30256702347990294,1494.864782227995,424.3878808456103,0.0,0.0,0.0,1247.0361468131932,138.59711870763192,607.6513296628209,136.3383362278985,0.577860782384684,0.5720821745608371,75.39533459623514,1000000.0,26130.020452432625,5011.439849152933,1.1326071334739807,10000000.0,127.19390480083587
38_-2,38,-2,Spain,0.3020099013010716,1504.663532957492,157.5958882949433,0.0,0.0,0.0,1257.9349715647738,452.1093524411859,776.6430313788183,132.88071589484397,0.7311586803408388,0.7238470935374303,73.37821429244345,1000000.0,23089.7630902803,6340.90053938789,1.4476941870748605,10000000.0,160.9365619133982
38_-1,38,-1,Spain,0.3020099013010716,1504.663532957492,157.5958882949433,0.0,0.0,0.0,1257.9349715647738,452.1093524411859,776.6430313788183,132.88071589484397,0.7311586803408388,0.7238470935374303,73.37821429244345,1000000.0,23089.7630902803,6340.90053938789,1.4476941870748605,10000000.0,160.9365619133982
39_-2,39,-2,Spain,0.28885328752238176,1447.7364981108644,131.45557156429572,0.0,0.0,0.0,1204.9453702875967,387.6111394157289,789.1561917984137,136.71647873356835,0.5597614507310937,0.5541638362237827,75.42337475709544,1000000.0,22837.49315156184,4854.4752053203365,1.7283685932151258,10000000.0,123.21003059188672
39_-1,39,-1,Spain,0.28885328752238176,1447.7364981108644,131.45557156429572,0.0,0.0,0.0,1204.9453702875967,387.6111394157289,789.1561917984137,136.71647873356835,0.5597614507310937,0.5541638362237827,75.42337475709544,1000000.0,22837.49315156184,4854.4752053203365,1.7283685932151258,10000000.0,123.21003059188672
40_-2,40,-2,Spain,0.2787193260423139,1424.5813610787793,1.27107498138808,0.0,0.0,0.0,1184.4835205801792,373.72836654692856,365.0003509929263,136.15688160341517,0.47925338707433685,0.47446085320359344,74.92341772667898,1000000.0,17574.973649268708,4156.277074063479,1.9559900748555996,10000000.0,105.48926583917459
40_-1,40,-1,Spain,0.2787193260423139,1424.5813610787793,1.27107498138808,0.0,0.0,0.0,1184.4835205801792,373.72836654692856,365.0003509929263,136.15688160341517,0.47925338707433685,0.47446085320359344,74.92341772667898,1000000.0,17574.973649268708,4156.277074063479,1.9559900748555996,10000000.0,105.48926583917459
41_-2,41,-2,Spain,0.2879264290780432,1483.2931733348137,1.2125487473858612,0.0,0.0,0.0,1234.3195177070725,119.47731141009119,377.812813243599,140.11682071073108,0.4784843055084967,0.4736994624534117,77.40628622867678,1000000.0,20419.16637209439,4149.6072910918865,1.4210983873602352,10000000.0,105.31998200740829
41_-1,41,-1,Spain,0.2879264290780432,1483.2931733348137,1.2125487473858612,0.0,0.0,0.0,1234.3195177070725,119.47731141009119,377.812813243599,140.11682071073108,0.4784843055084967,0.4736994624534117,77.40628622867678,1000000.0,20419.16637209439,4149.6072910918865,1.4210983873602352,10000000.0,105.31998200740829
42_-2,42,-2,Spain,0.2809562662742411,1454.338748790161,0.0,0.0,0.0,0.0,1207.167658986506,361.9289297547323,383.4363053353142,142.29325611323208,0.36964662077442695,0.3659501545666827,78.85791269221228,1000000.0,18022.99982729075,3205.72335400414,0.8364574961524176,10000000.0,81.36353690365839
42_-1,42,-1,Spain,0.2809562662742411,1454.338748790161,0.0,0.0,0.0,0.0,1207.167658986506,361.9289297547323,383.4363053353142,142.29325611323208,0.36964662077442695,0.3659501545666827,78.85791269221228,1000000.0,18022.99982729075,3205.72335400414,0.8364574961524176,10000000.0,81.36353690365839
43_-2,43,-2,Spain,0.2917348254755207,1509.6531416445646,0.0,0.0,0.0,0.0,1253.7711297843475,299.9113730742412,392.66332305425493,146.52798761592678,0.4064424857968679,0.40237806093889916,80.91037660260916,1000000.0,20031.700878629887,3524.831813824757,1.6095122437555966,10000000.0,89.46273639149129
43_-1,43,-1,France,0.2917348254755207,1509.6531416445646,0.0,0.0,0.0,0.0,1253.7711297843475,299.9113730742412,392.66332305425493,146.52798761592678,0.4064424857968679,0.40237806093889916,80.91037660260916,1000000.0,20031.700878629887,3524.831813824757,1.6095122437555966,10000000.0,89.46273639149129
44_-2,44,-2,None,0.29008245100790986,1495.8697537881978,0.0,0.0,0.0,0.0,1244.646864721729,607.1937445480231,721.5596574053068,141.41553060014107,0.46504738741234164,0.4603969135382182,78.13996518237978,1000000.0,21635.182752693683,4033.0769625947914,1.6113891973837633,10000000.0,102.3623594567206
44_-1,44,-1,France,0.29008245100790986,1495.8697537881978,0.0,0.0,0.0,0.0,1244.646864721729,607.1937445480231,721.5596574053068,141.41553060014107,0.46504738741234164,0.4603969135382182,78.13996518237978,1000000.0,21635.182752693683,4033.0769625947914,1.6113891973837633,10000000.0,102.3623594567206
45_-2,45,-2,None,0.31670673090205487,1534.9603185653125,5.6024231395449355,0.0,0.0,0.0,1283.6015846263247,342.78720057041824,912.6354757231968,134.82383396151522,1.0304440647839448,1.0201396241361051,102.98726168557018,1000000.0,18694.459332999115,8936.423107432282,5.049175917441329,10000000.0,226.81276922416959
45_-1,45,-1,France,0.31670673090205487,1534.9603185653125,5.6024231395449355,0.0,0.0,0.0,1283.6015846263247,342.78720057041824,912.6354757231968,134.82383396151522,1.0304440647839448,1.0201396241361051,102.98726168557018,1000000.0,18694.459332999115,8936.423107432282,5.049175917441329,10000000.0,226.81276922416959
46_-2,46,-2,None,0.40599011810000585,2097.7159932784584,158.5845885864033,0.0,0.0,0.0,1730.9625271530456,394.1405090404469,1072.5732053441507,160.79711173392306,1.1041846972411247,1.0931428502687133,88.57725976528411,1000000.0,24197.967694034713,9575.93136835393,5.465714251343567,10000000.0,243.0439433592368
46_-1,46,-1,France,0.40599011810000585,2097.7159932784584,158.5845885864033,0.0,0.0,0.0,1730.9625271530456,394.1405090404469,1072.5732053441507,160.79711173392306,1.1041846972411247,1.0931428502687133,88.57725976528411,1000000.0,24197.967694034713,9575.93136835393,5.465714251343567,10000000.0,243.0439433592368
47_-2,47,-2,France,0.300688207475863,1552.1835026189767,0.0,0.0,0.0,0.0,1296.6395619034045,168.3465660649066,443.33753731379875,138.34403558758157,0.5992990303777816,0.5933060400740038,75.7679482465661,1000000.0,16812.145280198536,5197.360911048273,1.7799181202220116,10000000.0,131.91271347838256
47_-1,47,-1,France,0.300688207475863,1552.1835026189767,0.0,0.0,0.0,0.0,1296.6395619034045,168.3465660649066,443.33753731379875,138.34403558758157,0.5992990303777816,0.5933060400740038,75.7679482465661,1000000.0,16812.145280198536,5197.360911048273,1.7799181202220116,10000000.0,131.91271347838256
48_-2,48,-2,France,0.2729789722103964,1424.0417226251416,0.0,0.0,0.0,0.0,1183.905813374084,372.6816316798854,515.3287616510133,136.24575159254468,0.3509534060233823,0.34744387196314847,75.17910796941378,1000000.0,15265.376098196444,3043.6083183971805,1.049350684009913,10000000.0,77.248942091299
48_-1,48,-1,France,0.2729789722103964,1424.0417226251416,0.0,0.0,0.0,0.0,1183.905813374084,372.6816316798854,515.3287616510133,136.24575159254468,0.3509534060233823,0.34744387196314847,75.17910796941378,1000000.0,15265.376098196444,3043.6083183971805,1.049350684009913,10000000.0,77.248942091299
49_-2,49,-2,None,0.28185325480210566,1478.1366037593982,0.0,0.0,0.0,0.0,1229.3261883611442,155.88775401467123,530.0783820906904,140.51701241676065,0.3500671457096335,0.3465664742525371,77.42746699895659,1000000.0,19810.004603816204,3035.9223144522252,1.7328323712626394,10000000.0,77.05386584904126
49_-1,49,-1,France,0.28185325480210566,1478.1366037593982,0.0,0.0,0.0,0.0,1229.3261883611442,155.88775401467123,530.0783820906904,140.51701241676065,0.3500671457096335,0.3465664742525371,77.42746699895659,1000000.0,19810.004603816204,3035.9223144522252,1.7328323712626394,10000000.0,77.05386584904126
50_-2,50,-2,None,0.3227251638042179,1669.7416608643662,0.0,0.0,0.0,0.0,1396.8425894211086,208.04122788786103,649.2857368479035,145.2724352463815,0.6783946891648664,0.6716107422732177,79.47339679195865,1000000.0,26270.0457899051,5883.310102313388,3.358053711366089,10000000.0,149.3225914292738
50_-1,50,-1,None,0.3227251638042179,1669.7416608643662,0.0,0.0,0.0,0.0,1396.8425894211086,208.04122788786103,649.2857368479035,145.2724352463815,0.6783946891648664,0.6716107422732177,79.47339679195865,1000000.0,26270.0457899051,5883.310102313388,3.358053711366089,10000000.0,149.3225914292738
51_-2,51,-2,United Kingdom,0.5032018324227121,2675.303942518924,2.6606985669602925,0.0,0.0,0.0,2017.827670453928,671.4818421784155,998.9459132303866,157.5493902848523,1.9928518887792603,1.9729233698914677,84.81229460279579,1000000.0,29811.54306055663,17282.808720249257,11.837540219348806,10000000.0,438.6499675190167
51_-1,51,-1,United Kingdom,0.5032018324227121,2675.303942518924,2.6606985669602925,0.0,0.0,0.0,2017.827670453928,671.4818421784155,998.9459132303866,157.5493902848523,1.9928518887792603,1.9729233698914677,84.81229460279579,1000000.0,29811.54306055663,17282.808720249257,11.837540219348806,10000000.0,438.6499675190167
52_-2,52,-2,United Kingdom,0.4239768593674957,2391.340231356287,0.0,0.0,0.0,0.0,1709.7075369116528,422.41023664861564,634.2133831801981,154.15406817998397,1.0837109017475401,1.0728737927300647,84.06524686672128,1000000.0,35746.57220004,9398.374424315367,4.291495170920259,10000000.0,238.53742193693824
52_-1,52,-1,United Kingdom,0.4239768593674957,2391.340231356287,0.0,0.0,0.0,0.0,1709.7075369116528,422.41023664861564,634.2133831801981,154.15406817998397,1.0837109017475401,1.0728737927300647,84.06524686672128,1000000.0,35746.57220004,9398.374424315367,4.291495170920259,10000000.0,238.53742193693824
53_-2,53,-2,United Kingdom,0.5284466648178741,3254.9029128708794,0.0,0.0,0.0,0.0,1923.4126595081857,513.6623319601454,1079.7027004325587,168.00056992633952,1.275278461591409,1.2625256769754947,91.34712324704694,1000000.0,35132.74375916732,11059.724930305334,7.5751540618529685,10000000.0,280.70367843414556
53_-1,53,-1,United Kingdom,0.5284466648178741,3254.9029128708794,0.0,0.0,0.0,0.0,1923.4126595081857,513.6623319601454,1079.7027004325587,168.00056992633952,1.275278461591409,1.2625256769754947,91.34712324704694,1000000.0,35132.74375916732,11059.724930305334,7.5751540618529685,10000000.0,280.70367843414556
54_-2,54,-2,United Kingdom,0.4801456242093394,2690.9768661653507,0.0,0.0,0.0,0.0,1834.2780172561706,518.2411469160544,1142.3096271185823,156.21299723896527,1.5943406493199528,1.578397242826753,85.33574485907285,1000000.0,46392.5233010081,13826.759847162357,9.47038345696052,10000000.0,350.9329910447299
54_-1,54,-1,United Kingdom,0.4801456242093394,2690.9768661653507,0.0,0.0,0.0,0.0,1834.2780172561706,518.2411469160544,1142.3096271185823,156.21299723896527,1.5943406493199528,1.578397242826753,85.33574485907285,1000000.0,46392.5233010081,13826.759847162357,9.47038345696052,10000000.0,350.9329910447299
55_-2,55,-2,United Kingdom,0.40363975281769554,2001.6650257451843,0.0,0.0,0.0,0.0,1685.3555666828977,381.13901515186717,946.2757268928591,156.92944663550878,1.43096736137027,1.4166576877565673,86.66115817606541,1000000.0,42213.16938458815,12409.92134474753,2.8333153755131346,10000000.0,314.9726229631353
55_-1,55,-1,None,0.40363975281769554,2001.6650257451843,0.0,0.0,0.0,0.0,1685.3555666828977,381.13901515186717,946.2757268928591,156.92944663550878,1.43096736137027,1.4166576877565673,86.66115817606541,1000000.0,42213.16938458815,12409.92134474753,2.8333153755131346,10000000.0,314.9726229631353
56_-2,56,-2,None,0.3795532389433712,1804.787761605206,0.0,0.0,0.0,0.0,1520.6790195734638,356.8251304228543,1024.7944099494118,139.77302613978213,1.6559214560538744,1.6393622414933355,77.31557213182685,1000000.0,34249.60135720757,14360.813235481619,3.278724482986671,10000000.0,364.48764557059945
56_-1,56,-1,None,0.3795532389433712,1804.787761605206,0.0,0.0,0.0,0.0,1520.6790195734638,356.8251304228543,1024.7944099494118,139.77302613978213,1.6559214560538744,1.6393622414933355,77.31557213182685,1000000.0,34249.60135720757,14360.813235481619,3.278724482986671,10000000.0,364.48764557059945
57_-2,57,-2,None,0.41239763283610303,2097.594749699797,0.0,0.0,0.0,0.0,1756.441040619191,372.59116362935674,1016.1251367174892,167.0205005478131,1.2359435370170142,1.223584101646844,91.6649815198144,1000000.0,50786.75530906136,10718.596730426354,4.894336406587376,10000000.0,272.04560229508513
57_-1,57,-1,None,0.41239763283610303,2097.594749699797,0.0,0.0,0.0,0.0,1756.441040619191,372.59116362935674,1016.1251367174892,167.0205005478131,1.2359435370170142,1.223584101646844,91.6649815198144,1000000.0,50786.75530906136,10718.596730426354,4.894336406587376,10000000.0,272.04560229508513
58_-2,58,-2,None,0.40271831939438196,2060.323279022606,0.0,0.0,0.0,0.0,1700.8485055749702,350.1837071299763,1256.9449196370645,165.8170929608805,1.153405221594242,1.1418711693782995,91.07134189291745,1000000.0,51377.36932936055,10002.791443753904,4.567484677513198,10000000.0,253.877955425226
58_-1,58,-1,None,0.40271831939438196,2060.323279022606,0.0,0.0,0.0,0.0,1700.8485055749702,350.1837071299763,1256.9449196370645,165.8170929608805,1.153405221594242,1.1418711693782995,91.07134189291745,1000000.0,51377.36932936055,10002.791443753904,4.567484677513198,10000000.0,253.877955425226
59_-2,59,-2,None,0.48590764496459204,2472.79450540088,0.0,0.0,0.0,0.0,2041.1385609451972,567.9022468268106,552.5419608302883,175.06841262343423,1.7792677365513268,1.7614750591858133,96.18107910900459,1000000.0,52290.12657930204,15430.521518467725,8.807375295929067,10000000.0,391.63760199156667
59_-1,59,-1,None,0.48590764496459204,2472.79450540088,0.0,0.0,0.0,0.0,2041.1385609451972,567.9022468268106,552.5419608302883,175.06841262343423,1.7792677365513268,1.7614750591858133,96.18107910900459,1000000.0,52290.12657930204,15430.521518467725,8.807375295929067,10000000.0,391.63760199156667
60_-2,60,-2,None,0.3515219535487781,1754.985036810221,0.0,0.0,0.0,0.0,1457.6918430886292,187.79834859602786,437.57957905073414,163.37668539656,0.8627686249504954,0.8541409387009904,89.97934320101312,1000000.0,43831.47369403674,7482.274623020676,3.4165637548039616,10000000.0,189.90544728478872
60_-1,60,-1,None,0.3515219535487781,1754.985036810221,0.0,0.0,0.0,0.0,1457.6918430886292,187.79834859602786,437.57957905073414,163.37668539656,0.8627686249504954,0.8541409387009904,89.97934320101312,1000000.0,43831.47369403674,7482.274623020676,3.4165637548039616,10000000.0,189.90544728478872
61_-2,61,-2,None,0.316984762709156,1570.3233792719398,0.0,0.0,0.0,0.0,1307.0791209078513,112.82556456066501,395.15706658485163,147.47767392786602,0.8024899635118099,0.7944650638766918,81.38356753592394,1000000.0,21495.09845278777,6959.51395955982,2.3833951916300755,10000000.0,176.63741014111218
61_-1,61,-1,None,0.316984762709156,1570.3233792719398,0.0,0.0,0.0,0.0,1307.0791209078513,112.82556456066501,395.15706658485163,147.47767392786602,0.8024899635118099,0.7944650638766918,81.38356753592394,1000000.0,21495.09845278777,6959.51395955982,2.3833951916300755,10000000.0,176.63741014111218
62_-2,62,-2,None,0.33050768181313916,1640.3836208469693,0.0,0.0,0.0,0.0,1371.4041565010218,200.43549239780862,383.4306903733264,143.1650380653935,0.9657982013765638,0.956140219362798,78.83275538539517,1000000.0,22741.071973336362,8375.78832161811,3.824560877451192,10000000.0,212.58345993954597
62_-1,62,-1,None,0.33050768181313916,1640.3836208469693,0.0,0.0,0.0,0.0,1371.4041565010218,200.43549239780862,383.4306903733264,143.1650380653935,0.9657982013765638,0.956140219362798,78.83275538539517,1000000.0,22741.071973336362,8375.78832161811,3.824560877451192,10000000.0,212.58345993954597
63_-2,63,-2,None,0.31349053569169466,1605.371342126474,0.0,0.0,0.0,0.0,1335.4858845384701,241.4492032945191,905.0385548093266,145.21263457294143,0.6477487792238086,0.6412712914315705,80.04137019592193,1000000.0,44421.376760510524,5617.536512940557,2.405738835110764,10000000.0,142.57706885635932
63_-1,63,-1,None,0.31349053569169466,1605.371342126474,0.0,0.0,0.0,0.0,1335.4858845384701,241.4492032945191,905.0385548093266,145.21263457294143,0.6477487792238086,0.6412712914315705,80.04137019592193,1000000.0,44421.376760510524,5617.536512940557,2.405738835110764,10000000.0,142.57706885635932
64_-2,64,-2,None,0.31603318290932897,1663.5609737341113,0.0,0.0,0.0,0.0,1378.6567130605372,263.3372159175809,564.0972333185529,155.78672831017622,0.41182647005699374,0.40770820535642377,85.9478037541295,1000000.0,34596.579435403,3571.523878922272,1.630832821425695,10000000.0,90.64781418584447
64_-1,64,-1,None,0.31603318290932897,1663.5609737341113,0.0,0.0,0.0,0.0,1378.6567130605372,263.3372159175809,564.0972333185529,155.78672831017622,0.41182647005699374,0.40770820535642377,85.9478037541295,1000000.0,34596.579435403,3571.523878922272,1.630832821425695,10000000.0,90.64781418584447
65_-2,65,-2,None,0.35011934340198764,1749.8191198449501,0.0,0.0,0.0,0.0,1460.8071773888073,212.62040797782493,408.32180144927435,152.62240622708433,0.9797642886601329,0.9699666457735315,83.60236996052977,1000000.0,47983.45039584917,8496.907816976136,3.879866583094126,10000000.0,215.65755880650093
65_-1,65,-1,None,0.35011934340198764,1749.8191198449501,0.0,0.0,0.0,0.0,1460.8071773888073,212.62040797782493,408.32180144927435,152.62240622708433,0.9797642886601329,0.9699666457735315,83.60236996052977,1000000.0,47983.45039584917,8496.907816976136,3.879866583094126,10000000.0,215.65755880650093
